"beta","chains","iterations","warmup","Median","Mean","MAP","MAP_density","p_direction","p_direction_AUC","p_MAP","ROPE_range","ROPE_90","ROPE_95","ROPE_full","p_ROPE","bayesfactor_0707","bayesfactor_1","CI_low_95_hdi","CI_high_95_hdi","CI_low_90_hdi","CI_high_90_hdi","CI_low_95_quantile","CI_high_95_quantile","CI_low_90_quantile","CI_high_90_quantile","true_effect","outcome_type","iteration"
NA,1,100,40,0.199445357790973,0.194277509637133,0.0245792722004486,1.04145042972614,70,69.5377314748318,0.996211055700875,0.0551328895421792,12.7272727272727,12.0689655172414,11.6666666666667,NA,0.348255390869549,0.24621656134477,-0.329783741960674,0.712323105895723,-0.268031396150507,0.606813569666495,-0.371694708748876,0.63684540072106,-0.271119013441016,0.605826394175676,0,"binary",1
NA,1,100,40,0.53083406836709,0.486693374332688,0.582058862242339,1.35619603800797,98.3333333333333,96.8008286372754,0.189648859331127,0.0551328895421792,0,0,0,NA,2.16032896463359,1.52735257799594,0.0662636435509012,0.924736102809943,0.10898274867443,0.857630320363381,0.0865552184845773,0.894258342952501,0.11156204715895,0.857777424237557,0,"binary",2
NA,1,100,50,0.0902630183415299,0.0991281121643967,0.329351410116501,1.20826049872788,56,61.245159699765,0.90362618229104,0.0551328895421792,15.2173913043478,14.2857142857143,14,NA,0.345802558473818,0.244482408840988,-0.397022704495432,0.606085698627327,-0.375241472654863,0.479760064284727,-0.392121927331304,0.508617149968062,-0.367232390304989,0.477696956134158,0,"binary",1
NA,1,100,50,-0.481186990146592,-0.461005088373487,-0.510683711285339,1.0215438408684,86,86.7910387742272,0.508625021663955,0.0551328895421792,8.69565217391304,8.16326530612245,8,NA,0.878978041485278,0.621437475330088,-1.03579164509259,0.337296528718769,-0.901587882265123,0.239684051417223,-1.03399401401319,0.220760063404848,-0.971005742515021,0.138173108418874,0,"binary",2
NA,1,100,60,0.313016555948626,0.356420573721558,0.236114178939227,1.74566801119285,95,94.3995373850192,0.272308065618951,0.0551328895421792,0,0,0,NA,1.27248029351929,0.899643567518136,-0.0851334861570047,0.808271938226533,0.10528963021534,0.849359291185439,-0.0595050200704121,0.809299122050505,0.0567547883240366,0.714374729237327,0,"binary",1
NA,1,100,60,-0.113914666542226,-0.0872774665545226,-0.186165063784101,1.06520912081561,60,60.3896866264767,0.873698443685,0.0551328895421792,5.40540540540541,5.12820512820513,5,NA,0.329747589231269,0.233131545586507,-0.634058209520181,0.517828716921496,-0.634058209520181,0.335481390727353,-0.598036776823351,0.520522284891703,-0.592302648280075,0.503133045090833,0,"binary",2
NA,1,200,80,-0.205241470508942,-0.17023011765384,-0.261446594354194,1.54835090763846,74.1666666666667,73.0919658144062,0.690451415970714,0.0551328895421792,14.6788990825688,13.9130434782609,13.3333333333333,NA,0.374327247118573,0.264649363712829,-0.648167504278303,0.348358170271286,-0.617448157104546,0.17171184449467,-0.61821614078389,0.350572970094106,-0.538625438929947,0.237104911881157,0,"binary",1
NA,1,200,80,0.272583655002865,0.319349955772139,0.194628048296655,1.31601921878769,85,83.3021751147521,0.601959242976804,0.0551328895421792,8.25688073394496,7.82608695652174,7.5,NA,0.543390989288554,0.384177429427005,-0.311941730028049,1.05712009813811,-0.229796444347282,0.899719661482142,-0.302029672675507,1.05753632740715,-0.17820269271286,0.905611136585129,0,"binary",2
NA,1,200,100,0.124190722991602,0.15844304701594,0.0936774905155081,1.96048160725657,78,75.2370198103326,0.776722344984582,0.0551328895421792,18.6813186813187,17.7083333333333,17,NA,0.273743743476464,0.193536826637921,-0.274569275448324,0.653714750463493,-0.239682356738536,0.587519888565747,-0.257997989061174,0.643999604329866,-0.202564372879521,0.598743308941792,0,"binary",1
NA,1,200,100,0.1389641441468,0.127792820395508,0.236481468532263,1.26224154855757,65,65.0912798435987,0.851355140082384,0.0551328895421792,14.2857142857143,13.5416666666667,13,NA,0.329592564343259,0.233021942990757,-0.379062501590499,0.645556294003931,-0.307355874421184,0.592077244748069,-0.374197760669932,0.620153745607396,-0.319547551013414,0.568836725672989,0,"binary",2
NA,1,200,120,0.393860909468466,0.399370205745944,0.366004832460817,1.3828965138918,92.5,91.0094757190225,0.324423631872774,0.0551328895421792,2.73972602739726,3.8961038961039,3.75,NA,0.92453271007191,0.653644626020865,-0.101536023798539,1.11840165109836,0.00416837822731815,0.953984272096957,-0.406455666023053,0.946948120081154,-0.0687801544815033,0.871550807283511,0,"binary",1
NA,1,200,120,0.0541950798094699,0.03778989926449,0.146790238985452,1.3808600620149,56.25,55.8046379244503,0.854162896749411,0.0551328895421792,12.3287671232877,11.6883116883117,11.25,NA,0.222620834585614,0.157392930052035,-0.580742058869907,0.504834986508448,-0.389310677328565,0.504834986508448,-0.533927836655449,0.581719258207697,-0.394526161247553,0.44053836719123,0,"binary",2
NA,1,300,120,-0.0866874693727547,-0.111409780872123,-0.0222910139857808,1.3838309184397,64.4444444444444,62.6201316326309,0.992049680293446,0.0551328895421792,22.0858895705521,20.9302325581395,20,NA,0.314264832269281,0.22218523641446,-0.657954154182429,0.415035421679952,-0.601842283393517,0.296703431334532,-0.647426125357537,0.405427758399037,-0.5627839102946,0.347576260743663,0,"binary",1
NA,1,300,120,-0.0043925204049307,-0.0068232956453969,-0.00538985114432644,1.36257874892509,51.1111111111111,49.9103672827641,0.999634303218926,0.0551328895421792,19.6319018404908,18.6046511627907,17.7777777777778,NA,0.303113830805697,0.214301478379703,-0.632372023696302,0.586041037599782,-0.525120360273902,0.451932856678457,-0.627986363716711,0.585504246770318,-0.525415704113194,0.450998645920218,0,"binary",2
NA,1,300,150,0.10639797819187,0.099397233500173,0.165349925946145,1.25270746859777,64,62.0636313999944,0.839404588433423,0.0551328895421792,11.7647058823529,11.1111111111111,10.6666666666667,NA,0.313078183947738,0.221346276051047,-0.601771187274444,0.683872840823617,-0.403047825227978,0.605918590212311,-0.513530098782434,0.816258294162532,-0.393515968572298,0.625540218139134,0,"binary",1
NA,1,300,150,0.0702074005572982,0.0807574689937386,0.0494820969059782,1.16251744274051,61.3333333333333,59.3204210524297,0.976691285744227,0.0551328895421792,17.6470588235294,16.6666666666667,16,NA,0.368876977754849,0.260796023272674,-0.670828811666357,0.747901523161573,-0.54562735681684,0.690056062241218,-0.646583466173849,0.756157076365828,-0.567607171730236,0.671371519765875,0,"binary",2
NA,1,300,180,0.130543790820393,0.136487906850045,0.0311314837433279,1.23805333915349,65,65.2637593351897,0.99450975199601,0.0551328895421792,15.5963302752294,14.7826086956522,14.1666666666667,NA,0.3299409737122,0.233268268414524,-0.363820397401054,0.734220665536655,-0.270380555607845,0.632629269709975,-0.365873420739768,0.705656238983231,-0.270502925249828,0.63145732023272,0,"binary",1
NA,1,300,180,0.14646972631191,0.152076409638299,0.196440408464444,1.2188069241567,65,66.3220596988985,0.946936453952813,0.0551328895421792,16.5137614678899,15.6521739130435,15,NA,0.315211782137562,0.222854729971255,-0.332536757603763,0.935272370129053,-0.332536757603763,0.629112099300126,-0.472988879477674,0.80007706944135,-0.299954927306253,0.681434896024914,0,"binary",2
NA,1,400,160,-0.438571203629269,-0.484439830038945,-0.33119502676427,1.30099592457769,96.25,95.0645964263127,0.275516017646624,0.0551328895421792,2.30414746543779,3.49344978165939,3.33333333333333,NA,1.62973179916776,1.15222038201186,-1.03439689345261,0.15364165658797,-0.984292926185474,-0.0178729083928265,-1.14215890552753,0.0484538822248804,-1.01840756323592,-0.028465557806795,0,"binary",1
NA,1,400,160,0.0539630303152668,0.0739427683691438,0.0174958275960396,1.62059189200246,61.25,59.9424843312682,0.995648414587297,0.0551328895421792,22.1198156682028,20.9606986899563,20,NA,0.298514823799309,0.211049980426158,-0.508701371882458,0.647611264602316,-0.374201542078956,0.549234616615307,-0.485104750513777,0.672978362967999,-0.35600000803374,0.568591966346714,0,"binary",2
NA,1,400,200,0.208865504766321,0.178924865857331,0.283553381254655,1.43610929765526,76.5,73.9379365274188,0.714720725581804,0.0551328895421792,13.8121546961326,13.0890052356021,12.5,NA,0.417028150613839,0.294838902483864,-0.292801951283036,0.63361744956492,-0.289114295413258,0.531257429354027,-0.336022657134602,0.599625571273263,-0.279766094529815,0.558664811491241,0,"binary",1
NA,1,400,200,-0.445067939711416,-0.459983140323387,-0.411326099868685,1.32205042683292,92.5,91.6388873394887,0.400227604147248,0.0551328895421792,8.28729281767956,7.85340314136126,7.5,NA,1.11152093339092,0.785845299907063,-1.13399890027805,0.0622037335318795,-0.961536755633329,0.0622037335318795,-1.10675838506538,0.134401494195653,-1.04281985495529,0.0446041061064157,0,"binary",2
NA,1,400,240,-0.176462855203526,-0.203860011811127,-0.132891504170924,1.53301231530297,80,76.8118473842792,0.723029121094064,0.0551328895421792,12.4137931034483,11.7647058823529,11.25,NA,0.353311830165121,0.249791463926733,-0.753184853449205,0.353034290534202,-0.753184853449205,0.256589086021865,-0.746597255364735,0.353240032559308,-0.726731703903062,0.296626327624358,0,"binary",1
NA,1,400,240,0.216933661867845,0.22820562622747,0.177190244048861,1.47656854117395,80.625,80.4729047337457,0.745514510344731,0.0551328895421792,11.7241379310345,11.1111111111111,10.625,NA,0.348247786490768,0.246211185048965,-0.226750713782174,0.640327188470161,-0.127208404633608,0.631005604621922,-0.217682578124735,0.681580584365034,-0.164588707557606,0.604827336723561,0,"binary",2
NA,1,500,200,0.341589599455285,0.357260737850155,0.248001768134965,1.28990706266945,86.6666666666667,86.6282360325169,0.495553401254781,0.0551328895421792,5.53505535055351,5.24475524475525,5,NA,1.02121409481195,0.721998365032024,-0.142044316136714,0.939126334615904,-0.125042550645358,0.830006196047177,-0.158807101873669,0.923501248544919,-0.117942705418677,0.879724266809684,0,"binary",1
NA,1,500,200,0.236438613859253,0.260704402013616,0.184659981346717,1.39984775431969,83,80.8087751687666,0.696287687595088,0.0551328895421792,9.96309963099631,9.44055944055944,9,NA,0.437889057479277,0.30958756363784,-0.288652469558506,0.842062848362062,-0.261577768758361,0.658369915720366,-0.250410661135481,0.918064168314613,-0.189496511381997,0.795163970299418,0,"binary",2
NA,1,500,250,-0.056798528927388,-0.0574115032559832,-0.0841049807936287,1.41446598325906,59.6,57.5635575631797,0.911423602237764,0.0551328895421792,18.141592920354,17.1548117154812,16.4,NA,0.34383036941903,0.243088071179278,-0.656205336162009,0.549151501432819,-0.480387264657123,0.549151501432819,-0.715252431230838,0.513673478930009,-0.594395849469875,0.468637411708275,0,"binary",1
NA,1,500,250,0.298687886103652,0.288552309627794,0.368425840636714,1.23714752646104,83.2,81.771862256702,0.654039963704189,0.0551328895421792,7.52212389380531,7.11297071129707,6.8,NA,0.508724674910303,0.35966834516162,-0.186653815820359,0.857075218917252,-0.186653815820359,0.735185029246856,-0.202130535477853,0.829026413016059,-0.167385253234711,0.760102041682673,0,"binary",2
NA,1,500,300,-0.237250728825117,-0.206532596845715,-0.344098121721065,1.11656042757335,69,69.8054727191787,0.896255754305294,0.0551328895421792,12.1546961325967,11.5183246073298,11,NA,0.367513437755364,0.259832000492937,-0.732063733237667,0.393333607473334,-0.651008815580107,0.336082250391249,-0.836226384440644,0.334276612397426,-0.717071811410088,0.29511194393025,0,"binary",1
NA,1,500,300,-0.105492587482411,-0.103665946984376,-0.220346156101728,1.3981718828751,64.5,63.5406428218555,0.862640072823069,0.0551328895421792,16.5745856353591,15.7068062827225,15,NA,0.434296080207709,0.307047328706726,-0.634391843714051,0.339635992733979,-0.529887563163774,0.306157631043525,-0.598781548233174,0.340609792056192,-0.531034453104983,0.301822674343687,0,"binary",2
NA,2,100,40,-0.276840910498455,-0.276260311142013,-0.200723338331431,1.24634002621748,85,82.5823535369903,0.788383982249441,0.0551328895421792,14.6788990825688,13.9130434782609,13.3333333333333,NA,0.597012484968253,0.422087826872553,-0.736697297284657,0.169717692008396,-0.736697297284657,0.0755318736665951,-0.735752122176661,0.173769026854937,-0.726479806446627,0.125870339134159,0,"binary",1
NA,2,100,40,0.460903051338518,0.467701203202104,0.438270256397386,1.37838649034881,95.8333333333333,94.3616869306531,0.381509250108491,0.0551328895421792,6.42201834862385,6.08695652173913,6.66666666666667,NA,1.46545841310115,1.0360790980625,-0.0380782064389138,1.03425317154352,-0.0380782064389138,0.918905170608972,-0.0277724716839264,1.03486959182578,0.014108750402671,1.00689611975384,0,"binary",2
NA,2,100,50,0.332923923282113,0.331309434216925,0.35328525380832,1.69457884561244,90,88.3435217844776,0.410278614170381,0.0551328895421792,8.79120879120879,8.33333333333333,8,NA,0.630664900589489,0.445880084716909,-0.2965540145709,0.977744146069479,-0.11630635455153,0.805948021535228,-0.203717602405412,1.0996206338763,-0.1060791966447,0.814537827761941,0,"binary",1
NA,2,100,50,0.045364991104891,0.0878692172059724,-0.0103401877785523,1.12218478553984,58,58.4443725867987,0.999002581135466,0.0551328895421792,20.8791208791209,19.7916666666667,19,NA,0.24700263610395,0.174630863725548,-0.496969193975315,0.821237616555378,-0.387329341294685,0.731588992125069,-0.704303625930525,0.725620829330472,-0.471662522538903,0.688527993608801,0,"binary",2
NA,2,100,60,-0.656321822668444,-0.65588398559706,-0.666849519503189,1.47173468349234,96.25,96.6029201506778,0.161090498694867,0.0551328895421792,0,3.8961038961039,3.75,NA,3.30151436065476,2.334170652983,-1.18220345593696,0.0344513389227636,-1.15317458850368,-0.0972745735448434,-1.18420826142121,0.0033003143207321,-1.13500537830676,-0.0941942932350355,0,"binary",1
NA,2,100,60,-0.0939415401761303,-0.114981384982783,-0.0780964624617448,1.69351510478309,68.75,66.826112103479,0.910018736637265,0.0551328895421792,20.5479452054795,19.4805194805195,18.75,NA,0.207332094099745,0.146583790528525,-0.534174574496687,0.348702276240471,-0.492648925355237,0.239383895451601,-0.605809202438652,0.241686319557794,-0.51799930553392,0.225741879767316,0,"binary",2
NA,2,200,80,0.0959992593013578,0.0808412704736241,0.154894741029115,1.29214607913992,59.1666666666667,60.4682432833312,0.969952081346769,0.0551328895421792,17.9723502304147,17.0305676855895,16.25,NA,0.32102935441592,0.226967753572105,-0.437472090657185,0.618410829864322,-0.315058589299296,0.608195880838431,-0.492867053261298,0.604257409513318,-0.409055351547705,0.556194666127064,0,"binary",1
NA,2,200,80,0.146907194041591,0.138136892815663,0.261259892581805,1.21288889886931,66.6666666666667,66.0365477243379,0.958565873929748,0.0551328895421792,13.3640552995392,12.6637554585153,12.0833333333333,NA,0.383299535436029,0.270992771553332,-0.320566023149752,0.734292310589305,-0.276384907749993,0.597637054025084,-0.425006462060409,0.670430477375498,-0.284595971835921,0.593418487505411,0,"binary",2
NA,2,200,100,0.359682547773063,0.37450795390844,0.313791429602816,1.34790089820798,92,90.0551261138876,0.456504398530484,0.0551328895421792,6.62983425414365,6.282722513089,6,NA,0.83547708758573,0.590682300922871,-0.183688721398143,0.87020097626166,-0.0637828714905271,0.833449826583413,-0.157317103732478,0.891900550124191,-0.0904710921730555,0.819342729589956,0,"binary",1
NA,2,200,100,0.246087363276815,0.253758650765883,0.228690269531888,1.56699576265691,82.5,81.4374682245898,0.530063918897391,0.0551328895421792,8.83977900552486,8.37696335078534,8,NA,0.499230881930256,0.352956233524548,-0.374774224069295,0.787641609507434,-0.234254457372336,0.685571029874798,-0.369076868095003,0.789591345352684,-0.212293800771252,0.718804350471562,0,"binary",2
NA,2,200,120,0.211633782135208,0.220417258616964,0.187546317768063,1.77182981286834,83.75,82.0131089227958,0.459302955310514,0.0551328895421792,6.89655172413793,6.5359477124183,6.25,NA,0.497754513855825,0.351912441296058,-0.37394326164953,0.632535088573501,-0.200594056734371,0.632535088573501,-0.310870934178369,0.71301976469358,-0.205047769478509,0.626674390380502,0,"binary",1
NA,2,200,120,0.23932768144238,0.216863126504448,0.273259444299246,1.5147902211216,80,79.4408907300744,0.641729527136229,0.0551328895421792,12.4137931034483,11.7647058823529,11.25,NA,0.381496354781902,0.269717922830797,-0.33834563246246,0.678600861688191,-0.228804216462395,0.657330816550154,-0.356363096886663,0.669251291187933,-0.306773217697267,0.631200466200318,0,"binary",2
NA,2,300,120,0.310704078251663,0.318663815475968,0.26235038016532,1.24409621870201,84.4444444444444,83.9208067517503,0.625906586698649,0.0551328895421792,8.30769230769231,7.87172011661808,7.5,NA,0.434294873316307,0.307046475434625,-0.185018499866262,0.978177095513396,-0.158105741614243,0.78628875834098,-0.246709471273566,0.914143792374329,-0.157886436028009,0.78679758797943,0,"binary",1
NA,2,300,120,0.407599673308018,0.41838229918444,0.353125500296226,1.32740913285028,91.3888888888889,91.1731883150349,0.381880941012592,0.0551328895421792,5.84615384615385,5.83090379008746,5.55555555555556,NA,0.654529990609292,0.462752703360763,-0.158296975131108,0.895978850362364,-0.0491433057434637,0.88884601810905,-0.124008956987637,0.937696144095762,-0.0763426013467972,0.868408589325474,0,"binary",2
NA,2,300,150,0.205715262755048,0.208139764988997,0.206512248926953,1.26199448253193,75.6666666666667,74.2525318606154,0.762061649210965,0.0551328895421792,12.1771217712177,11.5384615384615,11,NA,0.438125160703906,0.309754488617652,-0.382352596131707,0.844032483079296,-0.316079814785205,0.711594255338473,-0.402034463987738,0.833177155032255,-0.308172672848057,0.721059048717369,0,"binary",1
NA,2,300,150,0.252598105509047,0.268170586468702,0.230166042297526,1.83096517200037,85.6666666666667,85.0480547456725,0.362467030426391,0.0551328895421792,7.74907749077491,7.34265734265734,7,NA,0.869038382003207,0.614410136076249,-0.232315563967412,0.847393229467307,-0.245046084631419,0.693608714099877,-0.251533160863082,0.824345971911743,-0.210111903745903,0.762112422702808,0,"binary",2
NA,2,300,180,-0.0386024558984978,-0.0353315947391165,0.0220180237342794,1.74498891213452,55,56.4361378089344,0.989264332431746,0.0551328895421792,22.1198156682028,20.9606986899563,20,NA,0.244076310980346,0.172561951863143,-0.737445225747355,0.384586590549905,-0.410791927773144,0.384586590549905,-0.592555834108558,0.644655846209739,-0.412938219174334,0.368529884085084,0,"binary",1
NA,2,300,180,0.140144387278691,0.116751379263467,0.183276978532965,1.43664095407186,66.25,66.6999791194187,0.793846181364703,0.0551328895421792,13.3640552995392,12.6637554585153,12.0833333333333,NA,0.354292586054533,0.25048485834061,-0.476697825909234,0.617871590667662,-0.356103427825228,0.560420944276155,-0.473143290410235,0.663100920578584,-0.359209215379145,0.556472172500531,0,"binary",2
NA,2,400,160,-0.0801304268228157,-0.084011332035556,-0.0806255990264568,1.46727946196141,61.875,61.5505799835798,0.91697931425604,0.0551328895421792,14.5496535796767,13.7855579868709,13.125,NA,0.31593393181408,0.224489848632161,-0.684082904408789,0.527139047659915,-0.511939523882758,0.482918364617015,-0.700037328763597,0.512434041060828,-0.599177621890808,0.433517256016673,0,"binary",1
NA,2,400,160,-0.297213979751273,-0.310356129199894,-0.243240608018825,1.3921671841981,87.0833333333333,85.8858660598434,0.598390074655281,0.0551328895421792,10.3926096997691,9.84682713347921,9.375,NA,0.509469992437586,0.362008730205803,-0.848158822743685,0.210638800775608,-0.732628207641238,0.192963252586691,-0.863506138059223,0.193047179424099,-0.807093547087868,0.136156094112708,0,"binary",2
NA,2,400,200,-0.092057416423442,-0.0993804028762928,-0.126585673662835,1.31564640062696,62.25,61.7515724226522,0.920834194931866,0.0551328895421792,14.404432132964,13.6482939632546,13,NA,0.349202361388024,0.246886069501146,-0.737684410877775,0.452161587179817,-0.532576674238256,0.442746694053488,-0.722549817002688,0.49626303572144,-0.585339496043816,0.402408104813181,0,"binary",1
NA,2,400,200,-0.067338790402523,-0.0859844849134611,0.000736536507989216,1.32872959198799,59.75,60.2594634923812,0.999999641221174,0.0551328895421792,17.1745152354571,16.2729658792651,15.5,NA,0.336384482248988,0.237823828949854,-0.632020335445029,0.398941777589212,-0.504590619628983,0.398941777589212,-0.626621398849152,0.447390248847362,-0.565081065566747,0.347143525771695,0,"binary",2
NA,2,400,240,-0.117268584506549,-0.114312891444703,-0.120470754605132,1.54020941002641,67.1875,65.4011377830638,0.78828164488447,0.0551328895421792,14.5328719723183,13.7704918032787,13.125,NA,0.300142069025651,0.212200442801153,-0.644669269480275,0.484548786399194,-0.639221012092028,0.303570630629791,-0.719379282395331,0.413659500801475,-0.626468810043983,0.338927414272836,0,"binary",1
NA,2,400,240,0.570980984128401,0.581403436281848,0.57747218816405,1.16850322703694,95.9375,95.0805182481678,0.281225548342608,0.0551328895421792,3.80622837370242,3.60655737704918,3.4375,NA,1.8156567315148,1.28366930918107,-0.0742893254611945,1.30213328152861,-0.0742893254611945,1.07251993988703,-0.0660298814582832,1.30260699909441,0.0279180946543576,1.23181365422776,0,"binary",2
NA,2,500,200,0.605740791005658,0.626459251608172,0.552208754340422,1.11869296336501,97.1666666666667,96.8225830390092,0.166574373810233,0.0551328895421792,0,1.22591943957968,1.33333333333333,NA,2.40794067095616,1.70241405436631,-0.0151382009831243,1.33965211574244,0.0784414153631428,1.18484629012191,-0.0145592157857485,1.33969268709231,0.107093793109049,1.2228989480598,0,"binary",1
NA,2,500,200,0.856214397568477,0.880173961552418,0.799443794832035,1.25701284778797,100,99.9571093978807,0.0108215820450976,0.0551328895421792,0,0,0.166666666666667,NA,24.6367784399076,17.4182023570178,0.219664767887126,1.49135846428427,0.391883644024701,1.45871865428639,0.267939470534393,1.59133062823741,0.373405291553962,1.44971036318906,0,"binary",2
NA,2,500,250,-0.336699209538763,-0.341254254710985,-0.254579513474863,1.25674750996971,88,87.1419867115139,0.565526419090876,0.0551328895421792,7.98226164079823,7.56302521008403,7.2,NA,0.611284570582887,0.432178191401998,-0.870333714309128,0.219544734711344,-0.750633833178201,0.152391564483248,-0.898681544403373,0.193682004102988,-0.782331164148778,0.136432107526498,0,"binary",1
NA,2,500,250,0.0795850963537247,0.071842325628884,0.120473301845854,1.39633786405818,61,60.3240509247446,0.887536005246921,0.0551328895421792,15.0776053215078,14.2857142857143,13.6,NA,0.294828621765804,0.208443835588374,-0.524619411429694,0.56450606547781,-0.422311803463312,0.513663792778229,-0.474623797012668,0.626895858188587,-0.403717465182575,0.532881154970557,0,"binary",2
NA,2,500,300,0.327286423447733,0.32712472709689,0.274396355465296,1.48558901016487,88.75,87.9938341965445,0.489410698460345,0.0551328895421792,10.803324099723,10.2362204724409,9.75,NA,0.787560184193422,0.556805050224328,-0.144060465301543,0.928307478719039,-0.0954774101810502,0.76940751472874,-0.270830880905711,0.867899310538158,-0.102053920742578,0.765993377039609,0,"binary",1
NA,2,500,300,-0.202867148071838,-0.2120791523678,-0.177032169440627,1.49493636411523,77.25,77.2681904398809,0.717652195472937,0.0551328895421792,12.1883656509695,11.5485564304462,11,NA,0.42977926329776,0.303853939151286,-0.711447964706795,0.397800062272573,-0.711447964706795,0.206857120648221,-0.823125441828014,0.342080089477824,-0.680853702988549,0.249887799842503,0,"binary",2
NA,1,100,40,1.84300713277791,1.9334898028759,1.76761214136968,1.19416424502847,100,100,0,0.0551328895421792,0,0,0,NA,8694.64620474284,6147.11486675315,1.30385022897392,2.64072703058071,1.35217536846281,2.56906480122971,1.32060715618809,2.60668747163898,1.35152299856354,2.56546524530578,1,"binary",1
NA,1,100,40,1.63104012380751,1.63809170844166,1.53604842718135,0.985210140238623,100,100,0,0.0551328895421792,0,0,0,NA,169.107924763978,119.559302808132,0.942614766820716,2.6749516753173,0.767315675815315,2.15761560697506,0.875442082924372,2.62613618447975,0.974105838313426,2.46375718441634,1,"binary",2
NA,1,100,50,0.976924619344778,0.979974874359511,0.980439553804483,1.14348464266251,100,99.9449741989958,0.016071871349412,0.0551328895421792,0,0,0,NA,13.0692531249517,9.23996195934083,0.251217380756554,1.76448803394311,0.251217380756554,1.50886666104716,0.294092105520728,1.73650701325109,0.391588617625382,1.61461977589633,1,"binary",1
NA,1,100,50,1.26005007938256,1.30063637557888,1.10907247171848,0.834980348794375,100,100,0,0.0551328895421792,0,0,0,NA,40.0848808494174,28.340010760538,0.64446675441947,2.18991660584062,0.57860530182739,1.84666742905011,0.652368999855273,2.15357373714754,0.679863321828675,2.01097111934188,1,"binary",2
NA,1,100,60,1.32700862553333,1.33804613071222,1.26285070496871,1.32044218154202,100,100,0,0.0551328895421792,0,0,0,NA,131.551682315286,93.007039396907,0.719465170985443,1.92214586367863,0.810224722303627,1.84631395268613,0.807955733520672,1.93100109892728,0.82140896444211,1.85010554823575,1,"binary",1
NA,1,100,60,0.906113832203863,0.906021638017665,0.892181629968446,0.996380554934231,100,99.0708328003225,0.106228441582829,0.0551328895421792,0,0,0,NA,6.20068270179196,4.38388267016691,0.220544365373376,1.64750575709133,0.220544365373376,1.52904469206361,0.218273687082059,1.63514743420476,0.223597045144896,1.53433398516697,1,"binary",2
NA,1,200,80,1.81867130385815,1.761060734565,1.89037051608221,1.0580910988243,100,100,0,0.0551328895421792,0,0,0,NA,9266.95235098526,6551.73531214654,0.948644208098652,2.59652844333044,1.03957065039777,2.49164234034444,0.952174294734727,2.59913267447468,1.04994648215825,2.49476996887186,1,"binary",1
NA,1,200,80,1.31097525352522,1.37374850292391,1.27590831123518,0.896591102768826,100,100,0.00216070081427611,0.0551328895421792,0,0,0,NA,84.0558578265776,59.42749148339,0.68114995142332,2.62503510700694,0.68114995142332,2.0072151241667,0.718938123563073,2.69263816642748,0.740526111292913,2.24768997797575,1,"binary",2
NA,1,200,100,1.51559737223286,1.49949481679031,1.54176370639852,0.969268806052646,100,100,0,0.0551328895421792,0,0,0,NA,68.9123232999021,48.7210125730461,0.67922988391037,2.16631716535344,0.950163074721076,2.16631716535344,0.738282445770483,2.22373461963006,0.899684338714872,2.12502204042715,1,"binary",1
NA,1,200,100,1.08792827238622,1.10189118111526,0.994652829667505,1.0111749466555,100,99.9743073255392,0.0115404281551567,0.0551328895421792,0,0,0,NA,24.7217763981911,17.4782959135266,0.369633232238965,1.84356541374823,0.546067111998436,1.84356541374823,0.373583482033201,1.84270214122543,0.453862865342761,1.73757726407987,1,"binary",2
NA,1,200,120,1.54814426143902,1.58223861402035,1.5027956830377,0.809434812334556,100,100,0,0.0551328895421792,0,0,0,NA,35.8718741221033,25.361415004328,0.551749305055559,2.4926851199028,0.668068511344145,2.26996050891191,0.668068511344145,2.68306305336608,0.867977573268802,2.46981766684588,1,"binary",1
NA,1,200,120,1.48166636168117,1.53192442311318,1.54620987551451,1.12486931821779,100,100,0,0.0551328895421792,0,0,0,NA,26.7369063037178,18.9029927567292,0.542911161748736,2.54345471376036,0.542911161748736,2.20729823931805,0.597599038004858,2.77822259936534,0.854670929225253,2.53980037799637,1,"binary",2
NA,1,300,120,1.3531133652484,1.34527320028829,1.43857508118664,1.06363182984511,100,100,0,0.0551328895421792,0,0,0,NA,515.169688987458,364.224970114261,0.566651366706039,2.0944026791126,0.745147044341937,1.92640639075279,0.718861064630571,2.25588947565269,0.800142680018515,2.08284166184271,1,"binary",1
NA,1,300,120,1.32855563976948,1.35884841101972,1.08933095584575,0.980005494623366,100,100,0,0.0551328895421792,0,0,0,NA,58819.570912938,41585.4366354618,0.605473297244938,2.17129563276711,0.65107344464579,1.92922203342058,0.671867820052371,2.28071640810477,0.739068682823037,2.10107756971967,1,"binary",2
NA,1,300,150,1.42018233124757,1.45394708057893,1.45961477104962,0.844883361360141,100,100,0,0.0551328895421792,0,0,0,NA,1178.27613090591,833.041224550464,0.722559008482737,2.25934874615332,0.839749581180897,2.18929815929384,0.76228312542665,2.26891152901316,0.840069453861831,2.18827945496797,1,"binary",1
NA,1,300,150,1.48673412673323,1.49647013116063,1.77171563490271,0.704218171135135,100,100,0,0.0551328895421792,0,0,0,NA,2951.08961669242,2086.4203590015,0.659424162496793,2.3820508681579,0.659424162496793,2.08263653068869,0.698086777650145,2.42266654695911,0.792709762085433,2.29203445776439,1,"binary",2
NA,1,300,180,1.49775900346726,1.49593001537718,1.62536893862231,0.873187363832519,100,100,0.00066849359795135,0.0551328895421792,0,0,0,NA,39.422990849747,27.872054530771,0.545334958364155,2.62176964542212,0.545334958364155,2.12249101840899,0.573624078174314,2.85505734807093,0.662690491067925,2.57163121951363,1,"binary",1
NA,1,300,180,1.18955745721691,1.16514171967419,1.21391791610684,1.01406761848331,100,100,0,0.0551328895421792,0,0,0,NA,476.658908598509,336.997848379144,0.529032210941414,1.83069437839726,0.566780850133475,1.70419977508637,0.528309661901467,1.8157091545127,0.57839327607942,1.71503888193759,1,"binary",2
NA,1,400,160,1.29608765207339,1.31742561073308,1.43440630308621,0.962505336913108,100,100,0,0.0551328895421792,0,0,0,NA,63.6746798613166,45.0179986619607,0.594310521111723,2.03320407869424,0.669926664696617,1.91554762990382,0.668036261106995,2.03567807194821,0.709274907748607,1.98959438695933,1,"binary",1
NA,1,400,160,1.90552902804961,1.9259179814148,1.91297959475223,0.818010484508578,100,100,0,0.0551328895421792,0,0,0,NA,1903.29342995585,1345.62845497908,1.05228901778956,2.83782164490328,1.26197144925349,2.83782164490328,1.05220366946117,2.83726043083381,1.09706284073302,2.76252936732631,1,"binary",2
NA,1,400,200,1.52917278775844,1.55305851897558,1.49320706498458,1.08632095294059,100,100,0,0.0551328895421792,0,0,0,NA,106.061903541072,74.9857658035072,0.701138582588079,2.25417215515136,0.918580166937407,2.15201805779078,0.81784870091942,2.33339504036839,0.959634790959331,2.21956347277655,1,"binary",1
NA,1,400,200,2.11175918005102,2.12394326639108,2.07641094443889,0.756475060521549,100,100,0,0.0551328895421792,0,0,0,NA,196.144009944936,138.673815031013,0.962670508941871,3.03486232481596,1.16580733215659,2.92435822188406,1.13011303835672,3.18806526537691,1.18042853551484,3.00031768015216,1,"binary",2
NA,1,400,240,1.86834882854514,1.88220843360564,1.81047866623672,0.757257994701742,100,100,0,0.0551328895421792,0,0,0,NA,73.2657926871893,51.7989154298413,1.03079066252013,2.98109221913562,0.978208935907535,2.64137703102442,0.866282411655543,2.90304232278979,1.1354313113035,2.79493896594978,1,"binary",1
NA,1,400,240,1.6443224948952,1.6901897659463,1.3855319956934,0.82264274769707,100,100,0,0.0551328895421792,0,0,0,NA,582.070907171092,411.524131369949,0.942046311162236,2.52845342574415,0.942046311162236,2.31599966083079,0.960321792085855,2.53969535368027,0.998479172315279,2.40936082100834,1,"binary",2
NA,1,500,200,1.05807944930364,1.08864194846408,0.979180167994135,1.05828586090101,100,100,0.00133098857364926,0.0551328895421792,0,0,0,NA,65.4026042884425,46.2396412319275,0.498910375855486,1.75660792414255,0.593868595789736,1.64674128960693,0.505946278889065,1.75500040994237,0.598676325309338,1.66376266146048,1,"binary",1
NA,1,500,200,2.22912400957433,2.22365039989879,2.29191035924448,0.725783413421593,100,100,0,0.0551328895421792,0,0,0,NA,141.136684727687,99.7836361024716,1.25380073494585,3.60034174198715,1.25380073494585,3.23344150981461,1.09316669761984,3.45925153610113,1.26370936527487,3.25279289508445,1,"binary",2
NA,1,500,250,1.5722223442047,1.58774042815213,1.55956967657589,0.952653939471028,100,100,0.000600514379731449,0.0551328895421792,0,0,0,NA,228.430026754581,161.500028915505,0.874216621192313,2.5002778428383,0.929947568751107,2.25652151899369,0.844097843227976,2.45356787728845,0.949024477233576,2.28405792100525,1,"binary",1
NA,1,500,250,2.1655341348577,2.17104271708519,2.23872665275065,0.70397558994462,100,100,0,0.0551328895421792,0,0,0,NA,303.403153544757,214.506029556164,1.1566513409849,3.12350530377781,1.333345234039,2.91658593237812,1.25327493816732,3.15950009959353,1.38493220302166,2.983718750907,1,"binary",2
NA,1,500,300,1.58642018966492,1.62545426697152,1.51637432470284,1.0474728221318,100,100,0,0.0551328895421792,0,0,0,NA,214.767437837387,151.840578550971,0.917664786559646,2.58494542646356,1.05935656015526,2.50280563781544,0.752342846238707,2.49093570016196,0.980347711140649,2.45625102103026,1,"binary",1
NA,1,500,300,0.774455385537204,0.796312742981637,0.762840350940749,1.32888495499526,99.5,99.3741242325494,0.0536250068464656,0.0551328895421792,0,0,1,NA,8.18512246183418,5.78688158051441,0.160426187246171,1.46639427075878,0.314511212825733,1.35715796337702,0.185603989458938,1.49047294121994,0.318896370738019,1.35788252028839,1,"binary",2
NA,2,100,40,0.956982995477885,0.954719951665871,0.989002684259029,1.35458822055928,99.1666666666667,99.5590232887382,0.0259618549524192,0.0551328895421792,0,0,0.833333333333333,NA,13.5221705747116,9.56017459632106,0.305644566440817,1.52452707816464,0.480300120864507,1.47651675011716,0.372082359404762,1.62836774320769,0.489962717718664,1.50011655011483,1,"binary",1
NA,2,100,40,1.64941706677216,1.60616440276239,1.75426495967359,0.784668536206806,100,100,0,0.0551328895421792,0,0,0,NA,388.86528157661,274.927754074662,0.852617536458308,2.50139780262815,0.790947900538817,2.24911555213035,0.817164428844776,2.46231075647917,0.912587002337157,2.38246568779046,1,"binary",2
NA,2,100,50,1.09320494683138,1.09593317888287,1.19205567927763,0.950476646942274,100,100,0.0024402792141616,0.0551328895421792,0,0,0,NA,120.079235500726,84.8960194990398,0.514102090158762,1.83799744260947,0.631239156382561,1.80723328662644,0.473542761637981,1.79622552050721,0.568315953436481,1.73380929770205,1,"binary",1
NA,2,100,50,1.64351714209457,1.64818773147987,1.60313691866189,0.837246165524333,100,100,0,0.0551328895421792,0,0,0,NA,387.915867963339,274.256518650167,0.74013871002642,2.35244564648785,0.892674405452334,2.25186006489999,0.851443785567195,2.48319732324872,0.94368684035265,2.32372409700892,1,"binary",2
NA,2,100,60,2.32140966510648,2.34763118543999,2.24135614589162,0.679679532981315,100,100,0,0.0551328895421792,0,0,0,NA,137.203413570311,97.0028133942136,1.23860322793691,3.24298036459226,1.56772096914141,3.24298036459226,1.27025535889214,3.24873266080263,1.49513882929657,3.15550496689388,1,"binary",1
NA,2,100,60,1.565108184677,1.60770107555941,1.58596695035576,0.853941931296932,100,100,0,0.0551328895421792,0,0,0,NA,134.341231482615,94.9792506582123,0.804691302482469,2.50529200832422,0.804691302482469,2.29262509647434,0.81283914754083,2.51228185237404,0.853198611280664,2.46625760596215,1,"binary",2
NA,2,200,80,1.91799398355318,1.9519495196725,1.86033423457401,0.935857066966313,100,100,0,0.0551328895421792,0,0,0,NA,209.687787949227,148.249266080136,1.15467377305603,2.89547945335215,1.3817936430924,2.88342202678806,1.12156100553267,2.86499414861622,1.19320603118551,2.73104719201947,1,"binary",1
NA,2,200,80,1.36712123239262,1.39580628050512,1.34126690015406,1.17825044755131,100,100,0,0.0551328895421792,0,0,0,NA,317.385916385962,224.391842884925,0.818447104145217,2.17640007168473,0.915161682263936,2.02552682594117,0.777652766950852,2.11825081326926,0.906882610684689,1.98406348565767,1,"binary",2
NA,2,200,100,2.60133724183223,2.59486781765775,2.66481119445881,0.778481925448663,100,100,0,0.0551328895421792,0,0,0,NA,1186.64615234321,838.958829706309,1.62628427537698,3.39787237070802,1.89170869740719,3.39787237070802,1.68203319191299,3.4586674134478,1.78787862062306,3.31616668269104,1,"binary",1
NA,2,200,100,1.44837564905582,1.4519799470795,1.30194945386525,0.888580016518426,100,100,0,0.0551328895421792,0,0,0,NA,382990.060470043,270773.97275221,0.844967409411187,2.1604116613762,0.853842066620304,2.02545711216721,0.843695508331816,2.13887517084983,0.883120367542282,2.06379377081999,1,"binary",2
NA,2,200,120,1.14105792505343,1.17848714345795,1.02113782968771,1.16233580481542,100,99.9846817169524,0.00796423600032878,0.0551328895421792,0,0,0,NA,90.5270041282798,64.0025919186919,0.59199440217015,1.9446254486561,0.629408398577966,1.68133733107348,0.590963257911854,1.93842931345682,0.659099333368345,1.78262748969471,1,"binary",1
NA,2,200,120,1.63884947076616,1.64059745353114,1.52957550759492,0.819964435819292,100,100,0,0.0551328895421792,0,0,0,NA,388567.845993172,274717.467117164,0.942139586148053,2.37877647529878,0.953430402676889,2.2605440437907,0.913785298487743,2.35147811374138,0.977433519048118,2.32116015128885,1,"binary",2
NA,2,300,120,1.69157535781769,1.72208250919773,1.64413016364798,0.874930664469771,100,100,0,0.0551328895421792,0,0,0,NA,145.521430371103,102.883651272368,0.979245403571364,2.57927957993202,1.0792469965347,2.39270768521764,0.900915009068583,2.53804814509143,1.07114720168069,2.38118577009704,1,"binary",1
NA,2,300,120,1.54765894369764,1.5816209904342,1.47236033323289,0.901318470697959,100,100,0,0.0551328895421792,0,0,0,NA,2822.13347087542,1995.24836390889,0.937606311768937,2.40425780469534,0.937606311768937,2.19842156318951,0.936246349853244,2.37362111659582,0.975374780445312,2.25005298089055,1,"binary",2
NA,2,300,150,1.74837979666346,1.76832933165352,1.68722529561236,0.880081886838202,100,100,0,0.0551328895421792,0,0,0,NA,310.798418944687,219.734482193887,0.787066023469831,2.67664509811605,0.986252177343621,2.54968050723334,0.822971382404801,2.72455587478337,0.995796071742776,2.55059563426409,1,"binary",1
NA,2,300,150,1.38407073810666,1.40722945488421,1.4080118967361,0.773545438615793,100,100,0.00100461560056511,0.0551328895421792,0,0,0,NA,884.497063662384,625.339424009287,0.598708243489819,2.28967440614778,0.632974988436698,2.01919827033926,0.637691905745455,2.41533257163711,0.689692787292013,2.13239073628969,1,"binary",2
NA,2,300,180,1.54572807288935,1.56602943042213,1.24974938918895,0.742644621240171,100,100,0,0.0551328895421792,0,0,0,NA,401.412612444272,283.798716998163,0.78726151269664,2.67962247425211,0.841652413186391,2.36474687301264,0.785230104862628,2.67002871258871,0.876856208249589,2.45997079046383,1,"binary",1
NA,2,300,180,1.73307450735866,1.75154083356223,1.70348178614575,0.854312130414039,100,100,0,0.0551328895421792,0,0,0,NA,1295.7609785728,916.103011851169,0.998748491836939,2.71862418830883,0.998748491836939,2.44320009963665,0.968012447544748,2.69686309690022,1.06440830513314,2.5218562399495,1,"binary",2
NA,2,400,160,1.52044699429763,1.52875005236096,1.56275623723908,0.937952029284978,100,100,0,0.0551328895421792,0,0,0,NA,95.6626694647015,67.9740161639775,0.606867542351159,2.26599314524079,0.81668471813856,2.20354559282804,0.745859020154523,2.43533083216411,0.841026960231136,2.24311266538185,1,"binary",1
NA,2,400,160,1.40700574122968,1.42808926509946,1.2410211381267,0.903166491423872,100,100,0,0.0551328895421792,0,0,0,NA,615.654611860254,437.459217604814,0.68878681757829,2.19917803462038,0.783121481818759,2.06305051795383,0.732809043012202,2.24532168564902,0.824647328476568,2.10786969368375,1,"binary",2
NA,2,400,200,1.07006116576885,1.06672675328635,1.11883953960881,1.11110963030601,100,100,0.00387824818039801,0.0551328895421792,0,0,0,NA,18.8898847436229,13.3551485137313,0.22074288514101,1.59078355715167,0.533816550073999,1.59736361932506,0.40508262303988,1.79288299900819,0.491920953873071,1.55236723641833,1,"binary",1
NA,2,400,200,0.803929078800005,0.830259407616711,0.766092661501112,1.20299862348051,99,99.2761531308773,0.0631868281594037,0.0551328895421792,0,0,1,NA,7.85839823579785,5.55588755270487,0.123082545582256,1.45258823593706,0.332039844417464,1.40844041153667,0.159949463911886,1.4995501715199,0.331676796346713,1.40762418056321,1,"binary",2
NA,2,400,240,1.19551291976267,1.22159818730853,1.14707243028309,1.14069361869685,100,100,0.00129964249367114,0.0551328895421792,0,0,0,NA,42.9820888422957,30.3883368115056,0.356445765661671,1.8912590889879,0.574785531866129,1.76531450686789,0.527030875838252,2.03193146664061,0.640898773214267,1.84084620738692,1,"binary",1
NA,2,400,240,1.71186169527542,1.74599071770629,1.6089841937688,0.846389603480223,100,100,0,0.0551328895421792,0,0,0,NA,228.291092133422,161.401802138343,0.960122635639672,2.80438126914233,1.0355242930811,2.50824227400553,0.94420754238132,2.75971480701846,1.04226538995468,2.54242270027374,1,"binary",2
NA,2,500,200,1.57064156106476,1.62690921713515,1.42375825941039,1.02546397323771,100,100,0.00019346468969986,0.0551328895421792,0,0,0,NA,153.562571764764,108.568738237707,0.820752120859891,2.48910238268651,0.941960784448819,2.29616797879205,0.898273179435103,2.56571318882273,1.00693126046147,2.36919021898651,1,"binary",1
NA,2,500,200,1.54206111281294,1.56500783515466,1.38042244094024,0.902317694849845,100,100,0,0.0551328895421792,0,0,0,NA,414.414472855291,292.991032308743,0.744844500802066,2.45170320455622,0.806059195085628,2.24184502777332,0.774346936487705,2.51249107128953,0.900544889901149,2.37363152765086,1,"binary",2
NA,2,500,250,1.7110593106598,1.75593970933703,1.6469883630958,0.95389050855675,100,100,0,0.0551328895421792,0,0,0,NA,594.239624635706,420.127414617344,0.966732250579145,2.68171093861685,1.03151988381737,2.44540863899858,0.998045427473753,2.74722382702389,1.11023129807165,2.58688266594326,1,"binary",1
NA,2,500,250,1.76825599701246,1.7559194908125,1.89131890266957,0.824110696636798,100,100,0.00010614311449649,0.0551328895421792,0,0,0,NA,62.0222977608846,43.849764516935,0.866788237457402,2.78617235207996,1.03379887910446,2.59957314125041,0.807551960736618,2.75794111719069,0.977341296585964,2.5804053734146,1,"binary",2
NA,2,500,300,1.57769130347489,1.60344679996017,1.5379300268304,0.967373479686207,100,100,0,0.0551328895421792,0,0,0,NA,218.446522662455,154.441691522239,0.729173714321223,2.48090951999017,0.813632341019013,2.22729125419427,0.822784973858292,2.61977912460302,0.904585933080499,2.37599434772779,1,"binary",1
NA,2,500,300,1.85260061516968,1.8704533422975,1.80155250335663,0.843701577202843,100,100,0,0.0551328895421792,0,0,0,NA,382.466529357069,270.403836255243,1.00615673785151,2.84653308757801,1.03320338604951,2.58121264538975,1.01518915617288,2.8752031205083,1.13158006907602,2.7270510205601,1,"binary",2
NA,1,100,40,0.0604253803877899,0.0671004467771545,-0.0079362794013153,2.41607286013492,68.3333333333333,64.6317196819544,0.997747368056436,0.1,50.9090909090909,48.2758620689655,46.6666666666667,NA,0.129117852062353,0.0912863214080832,-0.195325576270655,0.31692097246327,-0.144991727905749,0.274028159553652,-0.184892818531586,0.296546886331201,-0.146410235298829,0.270889793936569,0,"linear",1
NA,1,100,40,-0.0835304105939504,-0.0941073113498775,-0.0477011290229589,2.75333314990042,78.3333333333333,73.3677950423486,0.916335732912193,0.1,50.9090909090909,48.2758620689655,46.6666666666667,NA,0.192704326683752,0.136241958965412,-0.349851112887959,0.148988980760655,-0.26860728099612,0.148988980760655,-0.359022014587655,0.131910269776894,-0.344545854407253,0.0981191066110716,0,"linear",2
NA,1,100,50,0.0579250999080304,0.0608270679396147,0.0617446104226106,3.01247694952638,68,67.3660559730474,0.855444201045799,0.1,54.3478260869565,51.0204081632653,50,NA,0.172374969638825,0.121869103534648,-0.15692862069511,0.308347434499361,-0.15692862069511,0.271732421665489,-0.156606819599107,0.29291113737918,-0.152082562926068,0.276036950967591,0,"linear",1
NA,1,100,50,0.329882648536512,0.32498812474939,0.36306818646579,2.88564591095876,96,97.3058094957146,0.108981939113594,0.1,0,4.08163265306122,4,NA,1.57857499257378,1.11605251974965,-0.0375679320454109,0.626271878401316,0.121193241237487,0.626271878401316,0.0197876159404976,0.625680305193766,0.116096844492463,0.579201296342704,0,"linear",2
NA,1,100,60,-0.0623299454081394,-0.0625675389364563,-0.066359547276111,4.48941255468877,72.5,71.0943880109021,0.652311804444886,0.1,64.8648648648649,61.5384615384615,60,NA,0.150064116990838,0.106095330712522,-0.596099284963162,0.161822136250333,-0.254136761173909,0.161822136250333,-0.534054942180569,0.165943859726797,-0.268053126195034,0.136068317508445,0,"linear",1
NA,1,100,60,0.0738028555422416,0.0861446485938535,0.0657516081391114,2.66039999569923,72.5,71.1374564243259,0.865592721661668,0.1,54.0540540540541,51.2820512820513,50,NA,0.158318593029489,0.111931245271848,-0.186332134593027,0.315441669338262,-0.107377110456826,0.315441669338262,-0.166229187304203,0.316078842314102,-0.11029394128985,0.304828413777099,0,"linear",2
NA,1,200,80,0.0867923989461824,0.074787751962696,0.117925809715134,3.14741715934889,72.5,70.8659376540988,0.72757659241649,0.1,46.7889908256881,44.3478260869565,42.5,NA,0.176454433764663,0.124753284671616,-0.214022603097936,0.379846640600269,-0.214022603097936,0.263024486938108,-0.211503856797032,0.380062939903063,-0.192540241152925,0.313996716649471,0,"linear",1
NA,1,200,80,-0.0945329098156088,-0.0887172927400184,-0.10022734766701,3.33290238931278,75,74.0036831203332,0.606197999699283,0.1,47.7064220183486,45.2173913043478,43.3333333333333,NA,0.230148231877841,0.162714799937633,-0.333321360182058,0.205910211290284,-0.302285698101711,0.122854131288227,-0.349650638128278,0.166485603071801,-0.303697680122058,0.120370932138485,0,"linear",2
NA,1,200,100,0.127586652355168,0.148957308438324,0.0887356519748742,2.51051031110516,82,81.3733310509739,0.708824464531103,0.1,37.3626373626374,40.625,39,NA,0.238239492152316,0.16843532095174,-0.0967045774622898,0.458873111291982,-0.0357193802651369,0.458873111291982,-0.130725268286319,0.429419137569605,-0.0933153355944548,0.421198668711316,0,"linear",1
NA,1,200,100,-0.0518911176969143,-0.0590884240161619,-0.00828918465663608,2.59201843083821,63,65.508776447022,0.996168225454557,0.1,48.3516483516484,45.8333333333333,44,NA,0.158227210242988,0.111866637641828,-0.345698610013391,0.219148444598992,-0.290286327825029,0.17752401527709,-0.308254420369785,0.236012894850918,-0.271560615630807,0.199801902298061,0,"linear",2
NA,1,200,120,-0.046234885805963,-0.0361239362916446,-0.0296710488996796,2.5777933448692,57.5,60.5324087978233,0.988345294936099,0.1,56.1643835616438,53.2467532467532,51.25,NA,0.139602340396972,0.0986988546606626,-0.269618791612199,0.282523566005121,-0.31070757433595,0.147531237581719,-0.270264314633244,0.260525690321039,-0.222152939409728,0.205125627173181,0,"linear",1
NA,1,200,120,-0.182266727034362,-0.194599610676059,-0.177596960347121,2.99104082655724,91.25,89.8643145785128,0.396743359032326,0.1,20.5479452054795,18.1818181818182,18.75,NA,0.416368218476743,0.294372330463068,-0.59606725992251,0.037743540098809,-0.429375210334717,0.041081680575832,-0.522857052538544,0.0431776344652123,-0.435461444822072,0.0350282419639945,0,"linear",2
NA,1,300,120,0.163454788549571,0.152793291481159,0.231213095393738,2.2983043752277,82.7777777777778,81.1669702785338,0.691669436882647,0.1,38.0368098159509,36.046511627907,34.4444444444444,NA,0.383885246340261,0.27140686916266,-0.113043677153493,0.528311917083637,-0.0989587605370594,0.410159487428311,-0.196776991775564,0.472058729700707,-0.0977364683407176,0.411339004639996,0,"linear",1
NA,1,300,120,0.114932642477478,0.112672928234936,0.165183692454591,2.64885899339536,77.7777777777778,76.5719433698268,0.880604583955115,0.1,44.7852760736196,42.4418604651163,40.5555555555556,NA,0.172477758309326,0.121941775124736,-0.141607227918717,0.400057830514762,-0.1120127143126,0.305095931367169,-0.127549833955811,0.398257253727901,-0.101240247967337,0.31781005708647,0,"linear",2
NA,1,300,150,-0.0909283128634646,-0.0969183493868931,-0.0672983505594948,2.57587893385349,72.6666666666667,71.6437676693743,0.83635784533716,0.1,47.7941176470588,45.1388888888889,43.3333333333333,NA,0.176111075631284,0.124510530471315,-0.449742701601797,0.238925300893806,-0.38292373108006,0.184380659928437,-0.44878331522044,0.217941689044558,-0.395443926338913,0.17916584192452,0,"linear",1
NA,1,300,150,0.316466631571999,0.304306106602537,0.338928031038509,3.20616086192189,100,99.0198070474104,0.0926304924515804,0.1,2.20588235294118,2.77777777777778,6,NA,2.17570153436046,1.53822098479282,0.065019068147964,0.571209303067499,0.0812938777101407,0.496194076680859,0.0485617925745476,0.545648393069635,0.0879582176827263,0.501163577377004,0,"linear",2
NA,1,300,180,-0.0582214364614898,-0.0551420171545907,-0.0326909469119245,2.65930060666317,66.6666666666667,65.489729060705,0.951836218056995,0.1,50.4587155963303,47.8260869565217,45.8333333333333,NA,0.202076916318046,0.142868379836857,-0.378760856697963,0.218060587295336,-0.255704965071962,0.204463725788519,-0.311343911717252,0.267949797367379,-0.256935584779369,0.203679706941603,0,"linear",1
NA,1,300,180,0.040092268531979,0.0452998237573001,0.0312464263147296,2.94977509845732,61.6666666666667,62.5742174609152,0.96702161569319,0.1,58.7155963302752,55.6521739130435,53.3333333333333,NA,0.151428823226671,0.107060178021256,-0.238132194788231,0.255572401544739,-0.157623659669408,0.255572401544739,-0.223371342277175,0.287119147585159,-0.164446412041799,0.24978949699187,0,"linear",2
NA,1,400,160,-0.0886637921712626,-0.0876378180552859,-0.0885177971173782,3.26621410856693,75.8333333333333,75.0584606344584,0.714429229569074,0.1,49.7695852534562,47.1615720524017,45,NA,0.188742875721081,0.133441213134834,-0.363502605171902,0.221028812939489,-0.299816501632494,0.176298537243675,-0.395254711513064,0.1933307407686,-0.33957286952216,0.161371403099093,0,"linear",1
NA,1,400,160,-0.233091413048889,-0.227860048253134,-0.2398039381466,2.70292486986676,91.25,91.347052233833,0.319421365128405,0.1,16.1290322580645,17.0305676855895,17.9166666666667,NA,0.59854385437664,0.423170505044377,-0.550229572282425,0.0603820762352413,-0.495408097904725,0.0306752380924174,-0.536507209428709,0.0834746185561506,-0.494337747445876,0.031819282762186,0,"linear",2
NA,1,400,200,-0.0207158838573963,-0.0246618407594771,-0.0448007573808582,3.00361722854818,58.5,56.7125990539294,0.935060809444923,0.1,61.878453038674,58.6387434554974,56,NA,0.150328798754204,0.106282460719179,-0.352617718575855,0.239235573672981,-0.304837279786948,0.19134315600151,-0.334780855440817,0.288649367075096,-0.286755646611985,0.219280946240258,0,"linear",1
NA,1,400,200,-0.121043994777505,-0.122443827245899,-0.135025479395004,3.15616079198998,82,81.9717031423926,0.6592631315059,0.1,44.1988950276243,41.8848167539267,40,NA,0.260735126649893,0.184339734541399,-0.419748926246606,0.110236905790351,-0.317838461272666,0.118112644447983,-0.413859986994524,0.110433799256792,-0.358804308480732,0.0841181233629121,0,"linear",2
NA,1,400,240,-0.00822896998264832,-0.0153488360269325,0.0092101484889916,2.78272837650766,55,53.0477851181214,0.99788127471837,0.1,58.6206896551724,55.5555555555556,53.125,NA,0.135695302977618,0.0959365792051728,-0.259913007119626,0.271293902908842,-0.259913007119626,0.178674984304769,-0.270095221672847,0.256983147192807,-0.243376779528447,0.212809450447977,0,"linear",1
NA,1,400,240,0.254607748847286,0.27142372206408,0.238434620986904,3.07122690719343,98.75,98.7339991658418,0.0670599692022101,0.1,5.51724137931035,3.92156862745098,6.875,NA,1.89374171554925,1.33887539289328,0.0781607016724701,0.598534036152059,0.059596026652949,0.472072722625211,0.0753428014142186,0.594582101924259,0.0846030411323999,0.525374843104657,0,"linear",2
NA,1,500,200,-0.0772717609735172,-0.0845708709476556,-0.0346593280197004,2.60584577346225,70.6666666666667,70.3241366899106,0.977082223625323,0.1,53.1365313653137,50.3496503496504,48,NA,0.185997190156043,0.131500013440319,-0.398053846917027,0.164148291801142,-0.336143528870749,0.121123742795055,-0.387473401244028,0.183491794366865,-0.325569117050232,0.13489992918934,0,"linear",1
NA,1,500,200,-0.0515444811504548,-0.0413801259568001,-0.0759341993914643,2.94148068037844,61.3333333333333,61.9228018212962,0.81874470383106,0.1,54.9815498154982,52.0979020979021,49.6666666666667,NA,0.169184374223034,0.119613352575681,-0.287979942516994,0.26829616853417,-0.249444998077611,0.218758872672586,-0.344837192533605,0.254421770510792,-0.270539889475315,0.195955618025908,0,"linear",2
NA,1,500,250,0.0718585218650497,0.0812937319332622,0.0280875418582339,2.39426073494907,68.4,68.0283394223451,0.965227346822088,0.1,45.575221238938,43.0962343096234,41.2,NA,0.176393061219117,0.124709894281928,-0.245629709669831,0.365102770837175,-0.169567693684319,0.34169367670354,-0.227790765405421,0.374961071566411,-0.182956175280906,0.335971580616378,0,"linear",1
NA,1,500,250,-0.0545373215290299,-0.0433746487035656,-0.0675357368913946,2.96087042301019,64,63.6175142714474,0.827113125757797,0.1,55.7522123893805,52.7196652719665,50.4,NA,0.161233893230093,0.113992362513687,-0.306106211916554,0.206551159039204,-0.258455615972432,0.181986924450381,-0.292384000748003,0.230759771337001,-0.271970599824694,0.177106525749395,0,"linear",2
NA,1,500,300,-0.0392241404337654,-0.0455573090890925,0.00207622757092363,2.60333275392476,61,60.3821192514286,0.999886432076356,0.1,56.353591160221,53.4031413612565,51,NA,0.15268087312873,0.107945377301968,-0.315247638372292,0.243399166056271,-0.288003813416661,0.17607904926326,-0.321210882037445,0.238786875408905,-0.287812035456384,0.176280860351059,0,"linear",1
NA,1,500,300,-0.232474213110057,-0.232206311327921,-0.23794586187281,3.16726214576013,95,94.2714177830308,0.2640194909715,0.1,13.2596685082873,17.2774869109948,19.5,NA,0.822520415479792,0.581521933743977,-0.507053405655122,0.01666696013652,-0.497002359227916,-0.0356753503618435,-0.486214217223512,0.0485221909661855,-0.47410904179495,-0.00663396380731614,0,"linear",2
NA,2,100,40,0.240699154404033,0.24356051449232,0.249623243177794,2.46183639468427,95,92.941209383359,0.360205733842007,0.1,11.0091743119266,15.6521739130435,17.5,NA,0.769746625637066,0.544210864325402,-0.0478258140965373,0.558982729495254,0.0299545710631358,0.558982729495254,-0.0481318672147591,0.554919798687892,-8.84559170933189e-05,0.535540562400434,0,"linear",1
NA,2,100,40,-0.141153202023605,-0.138119914911943,-0.106849274396693,2.74893903653204,84.1666666666667,83.0286404305806,0.438227749080453,0.1,33.9449541284404,32.1739130434783,30.8333333333333,NA,0.53791151934853,0.380303444179408,-0.425196394485991,0.136764043964359,-0.329796480638181,0.136764043964359,-0.405485781372908,0.138308553347039,-0.347510725891794,0.131505059806294,0,"linear",2
NA,2,100,50,0.0336239627543432,0.0416774210613382,-0.0431372673889805,3.19483373759535,58,59.1291368121409,0.915560663754901,0.1,67.032967032967,63.5416666666667,61,NA,0.119893921623852,0.0847650025880898,-0.110414670341778,0.296097675714946,-0.118540639030529,0.238005454170149,-0.127947600576539,0.27996801588895,-0.10540088951223,0.256747413835866,0,"linear",1
NA,2,100,50,-0.210087429079307,-0.218109540233788,-0.302109158670638,1.80229917059945,89,86.6228251215656,0.754028468482604,0.1,25.2747252747253,26.0416666666667,26,NA,0.369630968599052,0.261329094799612,-0.570570963051519,0.0778121295526641,-0.528549138327731,0.0417705156515263,-0.540601349900697,0.0979578081101201,-0.51828850150388,0.0462585994686092,0,"linear",2
NA,2,100,60,-0.243207584718871,-0.232608534614768,-0.226812242401166,2.05349674711666,92.5,89.3830427014448,0.417005312787738,0.1,17.8082191780822,20.7792207792208,20,NA,0.499458761818077,0.353117344605394,-0.602448850882012,0.0785437084774216,-0.520753411212451,-0.00277223735357215,-0.508955679601234,0.224985860115516,-0.471702868723121,0.0711687757786831,0,"linear",1
NA,2,100,60,0.0356827371528125,0.0461643548406255,0.0097706405375993,2.32703152471149,61.25,60.1505867226857,0.997955579700006,0.1,52.0547945205479,49.3506493506493,47.5,NA,0.152444955822518,0.107778583766524,-0.268238066029478,0.297928435612444,-0.180290894429571,0.303605074155729,-0.234344843884519,0.304913074540124,-0.195545605542923,0.288335067909361,0,"linear",2
NA,2,200,80,0.0389195979173898,0.033896482687427,0.0596409527972498,2.88806789283799,60.8333333333333,60.0435526436467,0.9164860479028,0.1,59.4470046082949,56.3318777292576,53.75,NA,0.17214126167628,0.121703872005157,-0.224920400151393,0.271863259750068,-0.166399817938518,0.246336506000254,-0.220634891634778,0.289982579679581,-0.172731683778414,0.242162162488823,0,"linear",1
NA,2,200,80,-0.0684559584441948,-0.0578382469859686,-0.104760538713574,2.94894234412211,66.6666666666667,66.9390407587467,0.80664279840812,0.1,51.1520737327189,48.471615720524,46.25,NA,0.176011300300954,0.124439989312802,-0.293627239803821,0.244197249602127,-0.259270213160584,0.182737006307597,-0.324156204627302,0.219655058662951,-0.264652242300667,0.175986778773358,0,"linear",2
NA,2,200,100,0.109174525414309,0.104752613624751,0.116528894909341,2.9943802539936,79,78.0797876244124,0.628351790898028,0.1,44.1988950276243,42.9319371727749,41,NA,0.254740534847493,0.180101558137104,-0.160461392213982,0.366181183717093,-0.0854044891515956,0.34982796540916,-0.170614178695845,0.350178670832487,-0.124114119151797,0.332564102516312,0,"linear",1
NA,2,200,100,0.011055033865347,0.0202918980931644,0.0141229908938274,2.60742919792532,57,53.7259428454089,0.991859317243273,0.1,53.0386740331492,50.261780104712,48,NA,0.163883710269861,0.115865783160745,-0.247751451362518,0.342386552784231,-0.247751451362518,0.246930283661143,-0.247370607144691,0.34256253361028,-0.210133197890242,0.29522801210897,0,"linear",2
NA,2,200,120,0.0684917398173132,0.0852157569707862,0.028804727886833,2.9191656945727,74.375,70.8738593440945,0.940087723612267,0.1,54.4827586206897,51.6339869281046,49.375,NA,0.143575459035347,0.101507849537987,-0.238150506017736,0.353437651494361,-0.127593997918249,0.334718634451059,-0.210801933903492,0.369114446126638,-0.125940262230724,0.337367588046071,0,"linear",1
NA,2,200,120,-0.14659285935133,-0.136051647132817,-0.174110238426289,2.84599697350464,83.75,81.6583574826585,0.522043531863134,0.1,36.551724137931,34.640522875817,33.125,NA,0.301613949985764,0.213241062639928,-0.411483142683007,0.100300427030094,-0.337319211833227,0.100300427030094,-0.380436647814792,0.126093850914162,-0.342901992766384,0.0902394633180947,0,"linear",2
NA,2,300,120,0.11212676626701,0.114928011905332,0.0790444158772223,2.55942821216405,78.0555555555556,76.9205964130863,0.769054573370644,0.1,44,41.6909620991254,39.7222222222222,NA,0.173565534071034,0.122710832588219,-0.128835791493919,0.418507084310715,-0.129205215629594,0.344744438375253,-0.168357892536611,0.391122626069161,-0.120690955897,0.357994759809354,0,"linear",1
NA,2,300,120,-0.0393568878652767,-0.042684743489334,-0.0719902113308932,2.39827090288138,58.6111111111111,58.8317215196502,0.989586953570492,0.1,52.9230769230769,50.1457725947522,47.7777777777778,NA,0.122893344999041,0.0868855949143209,-0.388379083523863,0.210459030945234,-0.31191294228342,0.191742220745449,-0.37983671841297,0.23605027245298,-0.327514735208782,0.181312112055346,0,"linear",2
NA,2,300,150,-0.228262647117763,-0.225526169236642,-0.228369830758079,2.94328825514486,94,93.4355405164706,0.254687689444301,0.1,13.6531365313653,14.6853146853147,15.6666666666667,NA,0.630793599147945,0.445971074597584,-0.547688845091336,0.0413022274753838,-0.438708367807449,0.00925323842595313,-0.521568422427978,0.075422471344072,-0.433170383084622,0.00992058613929525,0,"linear",1
NA,2,300,150,-0.134007881814179,-0.134716921538847,-0.134843408366674,2.42017263407795,80,79.0203237921811,0.742465046062026,0.1,39.1143911439114,37.0629370629371,35.3333333333333,NA,0.232840618535294,0.164618317304448,-0.478378116099168,0.117659767784376,-0.383953689292422,0.0998698020155695,-0.439065589487803,0.158559043903333,-0.377314615279712,0.110538800466175,0,"linear",2
NA,2,300,180,0.167591486076131,0.1526579617292,0.177352859130729,2.26854485238718,78.75,78.7664326197739,0.492972357436373,0.1,26.7281105990783,25.3275109170306,24.1666666666667,NA,0.400990027615501,0.283499949524221,-0.228835952287452,0.468851451571974,-0.144201299792303,0.468851451571974,-0.225252480534923,0.468999006474316,-0.182850528011716,0.436869410568271,0,"linear",1
NA,2,300,180,-0.19161598350454,-0.193991403143152,-0.104909699856549,2.29332989174306,89.5833333333333,88.5152557454827,0.516693574690369,0.1,29.9539170506912,28.3842794759825,27.0833333333333,NA,0.351451078811788,0.248475912719989,-0.494941704050093,0.119729752929552,-0.422654220937475,0.0861480677968003,-0.492392691134161,0.120211322654916,-0.447133376193896,0.0636663480546405,0,"linear",2
NA,2,400,160,0.0252474111192126,0.0269085973431212,-0.00316412321203269,2.88364420195121,56.4583333333333,57.4089324703492,0.999463561604723,0.1,59.1224018475751,56.0175054704595,53.3333333333333,NA,0.143848079937302,0.102212616117965,-0.230655341220697,0.282785286886406,-0.213977482246095,0.228595449904117,-0.230460102027717,0.28283233798941,-0.198618334051916,0.246581083088799,0,"linear",1
NA,2,400,160,0.136275862339651,0.12526154320053,0.156553793579066,3.10379518604331,80.4166666666667,80.1541899245614,0.596096337967545,0.1,37.4133949191686,35.4485776805252,33.75,NA,0.234289925328099,0.166476926270448,-0.157530556197133,0.404198186630617,-0.108237932298554,0.379436944451707,-0.156470655050163,0.404232499341857,-0.126693739025735,0.370265276797474,0,"linear",2
NA,2,400,200,0.148614814256785,0.153773960496548,0.140329837710833,2.88386191721573,85.5,85.0202104017123,0.485474526061268,0.1,32.1329639889197,31.496062992126,30,NA,0.3753483716635,0.265371298765893,-0.180258123246913,0.47478428997573,-0.0622963689263807,0.45686526819112,-0.171729033305953,0.482399100072678,-0.106764841109575,0.43932404515619,0,"linear",1
NA,2,400,200,-0.12480199333422,-0.119481278493077,-0.166261482359107,2.73880831757521,81.25,80.6633990395254,0.66367196769614,0.1,41.5512465373961,39.3700787401575,37.5,NA,0.277723953948297,0.196350835441297,-0.441056195801967,0.130500300016925,-0.351771482739579,0.107358935383008,-0.429875925983439,0.190462415689222,-0.352047764001019,0.10639410294907,0,"linear",2
NA,2,400,240,-0.120204790637285,-0.124071458048933,-0.0956098247551103,2.50350714627989,80,79.3250780396892,0.847445402600778,0.1,44.9826989619377,42.6229508196721,40.625,NA,0.222508506773509,0.157313514288884,-0.436134062132813,0.112416699687918,-0.342065181318194,0.0941178095863014,-0.390236631854684,0.183767167217819,-0.354375790552953,0.0858610839249889,0,"linear",1
NA,2,400,240,-0.0335934048620654,-0.0386688768211001,-0.0440436040625184,2.49471662667917,58.4375,58.7551298795491,0.979678558947919,0.1,54.6712802768166,51.8032786885246,49.375,NA,0.182940602874877,0.129339006232549,-0.364848255151063,0.212231736979119,-0.269755838790264,0.212231736979119,-0.331997835366634,0.245155826811419,-0.281479365429572,0.199984707999479,0,"linear",2
NA,2,500,200,-0.214685441858493,-0.208347334211427,-0.230727510432816,2.98766401803043,92.5,91.9918534399426,0.36809540957506,0.1,19.4085027726433,19.0893169877408,20,NA,0.354670386967536,0.250751963586093,-0.499351850080447,0.0409184495429576,-0.423601784657659,0.0274974585557824,-0.476835844060974,0.0803735873131445,-0.431648255396605,0.0233606273840541,0,"linear",1
NA,2,500,200,0.047562437924958,0.0489735599785157,0.0703450947832565,2.47912069773696,61.8333333333333,61.7193540124815,0.950191803553209,0.1,51.7560073937153,49.0367775831874,46.6666666666667,NA,0.156706066895936,0.110791189295446,-0.233149143348282,0.34179474402952,-0.194820358977597,0.2965222668391,-0.233353744395733,0.341012493536889,-0.192773728416102,0.29667294608422,0,"linear",2
NA,2,500,250,-0.0436202781794296,-0.0487583761879822,-0.0395983441284996,2.82183009558928,63,62.2544685255431,0.951649843344154,0.1,58.0931263858093,55.0420168067227,52.4,NA,0.146049115964068,0.103256724986571,-0.352135664081184,0.195951256820756,-0.298657144717803,0.183983633543904,-0.337969932085686,0.233197502255967,-0.309385251550788,0.173301000567981,0,"linear",1
NA,2,500,250,-0.158543532934429,-0.15573337862486,-0.199875252930886,2.64706099064608,85,84.1410687972208,0.601402085135277,0.1,33.0376940133038,31.3025210084034,29.8,NA,0.338733906331903,0.239484871776598,-0.478390459577366,0.131461919280903,-0.383037235183894,0.116235040067518,-0.462501101007812,0.152109605856967,-0.398664915948566,0.109590607135849,0,"linear",2
NA,2,500,300,-0.0838413284768893,-0.0798032733034568,-0.0959540516728218,2.76472963188224,71.25,70.3541115978358,0.762102485923472,0.1,47.9224376731302,45.4068241469816,43.25,NA,0.210678558833485,0.148949741095161,-0.356138010318195,0.210372651356491,-0.308986415340454,0.184402134482244,-0.388027256316123,0.195866790793584,-0.323880722681019,0.174031059761519,0,"linear",1
NA,2,500,300,-0.150922103982942,-0.146853425644399,-0.165976647105302,3.0100793216869,86.75,85.6234643063802,0.492505444575326,0.1,34.0720221606648,34.6456692913386,33,NA,0.31384786540107,0.221890440838388,-0.392421939598934,0.13417099085953,-0.366874426673953,0.0712273300189706,-0.40634100040562,0.119424021701173,-0.364145430506119,0.0744759593373062,0,"linear",2
NA,1,100,40,0.866986035472954,0.868268784363916,0.894075932494805,2.56267572384586,100,100,0,0.109282075805805,0,0,0,NA,823.454785272993,582.182533188003,0.656515525706509,1.14517865483956,0.656515525706509,1.10339814880526,0.64013189412866,1.11626470353746,0.657642831296938,1.1039112712149,1,"linear",1
NA,1,100,40,0.771856427377784,0.765977104204852,0.793351979398977,4.3476556843618,100,100,0,0.094796350396208,0,0,0,NA,22570780976285.1,15957542150233.5,0.627957564144115,0.906131290460469,0.643583548075376,0.897990921550701,0.63938456486201,0.913419628018875,0.646172517984932,0.89839793999619,1,"linear",2
NA,1,100,50,0.54708356291523,0.546975079500353,0.558657909680002,3.55187926813657,100,100,0,0.0948229422482269,0,0,0,NA,63.3513640640916,44.7894143933125,0.285150660166987,0.723213528939857,0.400101135942437,0.723213528939857,0.308062840675437,0.716294318711487,0.37694634597619,0.684549658879171,1,"linear",1
NA,1,100,50,0.831662771422883,0.821260691282398,0.870020527815814,3.64009029590929,100,100,0,0.104505183895522,0,0,0,NA,62145.5569325933,43936.9087513433,0.599699270739888,0.991159258142028,0.676608709845056,0.991159258142028,0.638237284539385,0.988549667128239,0.655526180158865,0.97046720232013,1,"linear",2
NA,1,100,60,0.530661231484013,0.507939103243141,0.544887782385779,7.07725074350228,100,100,0,0.0735237280749364,0,0,0,NA,55.2584915399751,39.0677535187623,0.363019762688579,0.602555918499623,0.404177835424224,0.602555918499623,0.359804356147761,0.590312972480355,0.368787670263176,0.589148575033972,1,"linear",1
NA,1,100,60,0.843365068072045,0.844037963745743,0.783118712953927,3.591296195165,100,100,0,0.107309102195006,0,0,0,NA,53024836.3056999,37488559.2681298,0.711303207473427,1.00267154310668,0.730541087765032,0.978134468963652,0.710129518170194,0.978747895817228,0.729579193750452,0.96621839474745,1,"linear",2
NA,1,200,80,0.598326316570961,0.590235697379888,0.568188696215514,4.19931773589507,100,100,0,0.0938848823754081,0,0,0,NA,918.88200313413,649.649576215826,0.456870859746647,0.766957719188977,0.459004897081683,0.697730786459809,0.45335075806996,0.748119669923018,0.460514448280552,0.698844271410866,1,"linear",1
NA,1,200,80,0.735301617931068,0.73375404194435,0.74628487505731,4.30497831285235,100,100,0,0.0988191597031249,0,0,0,NA,353257.125440936,249752.787686741,0.536031180630139,0.896807286951504,0.550440522480271,0.874507692379474,0.551482089602094,0.924086231649814,0.564372843712878,0.888654853723127,1,"linear",2
NA,1,200,100,0.678627804951518,0.668070456401979,0.723437108153446,2.81903176676472,100,100,0,0.0992890858652289,0,0,0,NA,154.185638523317,109.00924643602,0.423925811380452,0.875880558699715,0.475219121729093,0.864812472850482,0.435193935419399,0.870623217921329,0.457689087328732,0.853054256041102,1,"linear",1
NA,1,200,100,0.705054652595975,0.711056597187414,0.739132936311822,3.27038159045064,100,100,0,0.103745369647313,0,0,0,NA,215001.957913797,152006.384245102,0.551552276787498,0.913966665045846,0.541054305094117,0.859992782372813,0.546040841648473,0.903323353638315,0.557663612325892,0.887218958102972,1,"linear",2
NA,1,200,120,0.800276288792093,0.814122610078287,0.777224605817684,4.18308672644089,100,100,0,0.109142736827013,0,0,0,NA,25013222.1517634,17684348.0612974,0.663533475460368,0.980052652005496,0.673661240876954,0.943647515300923,0.673471665021312,0.986809743321886,0.675836522832839,0.962794330298212,1,"linear",1
NA,1,200,120,0.628151587638671,0.637279934039592,0.621134447051845,3.09914786312277,100,100,0,0.101136821401467,0,0,0,NA,1710.28589716228,1209.17212929378,0.436856740535133,0.849432401766191,0.436856740535133,0.821941761585316,0.441430711244054,0.849591590731601,0.444418356465333,0.83019040699715,1,"linear",2
NA,1,300,120,0.681911960209959,0.684860493439647,0.664048328562437,3.46110977655856,100,100,0,0.102558216666572,0,0,0,NA,546.369829632031,386.283469549982,0.477285975871777,0.89355167140778,0.493288210647849,0.843984033168881,0.478044692612444,0.891930742040487,0.505672367355045,0.861766518694802,1,"linear",1
NA,1,300,120,0.810207978610858,0.803169785858528,0.839884834381769,3.00562791161181,100,100,0,0.114531761011041,0,0,0,NA,8604.78472323786,6083.58279933131,0.527454314441957,1.01532581219254,0.613468148737293,1.00232606346477,0.55912139868132,1.0437233872377,0.599636223455528,0.99652291444481,1,"linear",2
NA,1,300,150,0.761766285061833,0.758773332011471,0.74469376448808,3.90966130864579,100,100,0,0.11182567103966,0,0,0,NA,722.672126492024,510.929193429852,0.537969050647287,0.951833562883151,0.588843640257768,0.90379797121405,0.541901171611561,0.941630321247277,0.564405006062792,0.89366915395861,1,"linear",1
NA,1,300,150,0.572846682603005,0.574643468148469,0.611299601436522,3.16791066683559,100,100,0,0.100998545020988,0,0,0,NA,106.720736858346,75.4515609588493,0.301488865647106,0.809601595231024,0.373951960375812,0.809601595231024,0.324979959222456,0.853846417646869,0.347939645848422,0.79996564675966,1,"linear",2
NA,1,300,180,0.548596517122667,0.553062034570261,0.544336941878392,4.17011699667641,100,100,0,0.091096865945318,0,0,0,NA,91116859908.8917,64419619955.586,0.367309315509769,0.756961732741056,0.367309315509769,0.688753125531714,0.372749671652913,0.757189633631471,0.386892565830214,0.729640341092587,1,"linear",1
NA,1,300,180,0.626953420607694,0.639356260561353,0.603846760731089,3.86171406756713,100,100,0,0.0994208048720957,0,0,0,NA,1107.33916853593,782.888792154895,0.417552988315466,0.813834719460103,0.498904214312774,0.815125288314934,0.433558154769696,0.815853155503489,0.479745532313592,0.81372940954375,1,"linear",2
NA,1,400,160,0.873533194608531,0.870842086671818,0.885044886642129,4.71273431230136,100,100,0,0.109681079345081,0,0,0,NA,24579004.5626306,17377356.2257836,0.725859850028263,1.0444557965643,0.728341751634135,0.992336818068521,0.709590511337924,1.0410578112622,0.735555501552554,1.00042171938282,1,"linear",1
NA,1,400,160,0.664875993862094,0.664434644354942,0.637187263681479,3.41757228338376,100,100,0,0.112192526977611,0,0,0,NA,151.084351571551,106.81663656111,0.43645260828296,0.879447189154127,0.505236561268655,0.879447189154127,0.436295969396889,0.87800152090338,0.472929548118055,0.847748627446975,1,"linear",2
NA,1,400,200,0.766050501290687,0.758967829210569,0.78119634291722,4.09705102360186,100,100,0,0.101437716601187,0,0,0,NA,460.075269839748,325.27321577657,0.565747852680525,0.963088482696283,0.565747852680525,0.892540167529709,0.565372431232199,0.951758602906442,0.574887216728164,0.903154545134456,1,"linear",1
NA,1,400,200,0.648598083729814,0.650400311694061,0.637621560358288,4.42730689747788,100,100,0,0.0972184898812954,0,0,0,NA,6567.98090879448,4643.56250251581,0.435621521120712,0.820502669112167,0.503343379396662,0.809900338973597,0.446751695687061,0.838549043279228,0.499485408485466,0.803459362323651,1,"linear",2
NA,1,400,240,0.677187132108698,0.657012408076799,0.69953931505033,3.75053243137082,100,100,0,0.104424853371824,0,0,0,NA,52.3011842220849,36.9769372450129,0.415757442260483,0.86943669583136,0.442467878728031,0.819066581944863,0.415033425714745,0.862237515801732,0.442230299494996,0.818025431195317,1,"linear",1
NA,1,400,240,0.617759679776391,0.614974087082587,0.613680178065956,3.99917843984772,100,100,0,0.100942505214845,0,0,0,NA,1619.74983837787,1145.16313573312,0.417222891435501,0.788896971562619,0.463456110192539,0.776242039237311,0.418603699908812,0.788952446820292,0.455866157822487,0.775350456930063,1,"linear",2
NA,1,500,200,0.939840770751072,0.934055110441466,0.959111238051476,4.26879201701466,100,100,0,0.110345464043115,0,0,0,NA,70329479.6749512,49722942.130189,0.77336559654869,1.10777977630867,0.801430681573975,1.08260387323266,0.766173723862514,1.10343252544288,0.801880081986718,1.0827833429916,1,"linear",1
NA,1,500,200,0.745853761064035,0.744924156377733,0.739572813811214,4.19570817687312,100,100,0,0.102608095670705,0,0,0,NA,1339.24444444776,946.845822224536,0.543095386096746,0.933175766608823,0.574391249990057,0.892686818830992,0.548495903903205,0.938019616491354,0.575404608089271,0.897383944355789,1,"linear",2
NA,1,500,250,0.89051876304301,0.885827145377608,0.891787240271548,3.30995270438452,100,100,0,0.122179796248614,0,0,0,NA,3134.80121938191,2216.30446210323,0.645869109098848,1.14631554758119,0.6417377554487,1.07170797463491,0.628018202703132,1.13757039381149,0.654870534072002,1.10296456575627,1,"linear",1
NA,1,500,250,0.679507521310957,0.688069018526857,0.651736408098449,3.75099226806786,100,100,0,0.108057866157289,0,0,0,NA,827.479000669223,585.027653473198,0.493974903534491,0.931836596205097,0.527393626242009,0.889829137073961,0.45321015659523,0.909439795836018,0.505568307717643,0.865601239754426,1,"linear",2
NA,1,500,300,0.717565785241561,0.720454595131655,0.7232337264234,4.47828345914903,100,100,0,0.103245722217683,0,0,0,NA,7457.05981574565,5272.14128973003,0.533182273940023,0.9210821888205,0.533182273940023,0.850379909435831,0.532895146631587,0.917771818469642,0.549256885537743,0.872486273470759,1,"linear",1
NA,1,500,300,0.720254009364329,0.718821750312433,0.72137863501349,5.30797159688298,100,100,0,0.0923676360694135,0,0,0,NA,115472.282426704,81638.9036756463,0.592011596989199,0.872816557887916,0.587063218490788,0.830632282209738,0.576410808380093,0.864842299657722,0.594725640246279,0.838316175915207,1,"linear",2
NA,2,100,40,0.621326383819187,0.625277892382869,0.603626815524397,3.73163707100295,100,100,0,0.090567242829594,0,0,0,NA,628639460.756513,444448098.754852,0.473772674644313,0.776245614349861,0.473772674644313,0.755829615760402,0.476050769017816,0.78207679920157,0.483010223575536,0.770837172448971,1,"linear",1
NA,2,100,40,0.762639049687194,0.775376612015138,0.732269052451426,4.29910625227192,100,100,0,0.106253231215738,0,0,0,NA,67619.9060467759,47807.2735750703,0.611520121276764,0.963227046747139,0.659778623947587,0.957647511427862,0.611353805626981,0.957786999810844,0.646815298510111,0.945145739295089,1,"linear",2
NA,2,100,50,0.556666411698137,0.552746561651458,0.563262513950065,5.62213435707682,100,100,0,0.0867064033436708,0,0,0,NA,91033.1344993718,64360.4260910761,0.368075839672156,0.685211344146119,0.4163440087051,0.669597460848381,0.394507500512772,0.703658821921977,0.417649992810875,0.669752527183116,1,"linear",1
NA,2,100,50,0.871571457658133,0.878840561963365,0.860135597454466,3.57979814096005,100,100,0,0.110937862557999,0,0,0,NA,961361.540418133,679682.609075834,0.70996837311913,1.08783158017789,0.70996837311913,1.0478823213891,0.687612017765226,1.06937521889222,0.713058875081585,1.04854305140908,1,"linear",2
NA,2,100,60,0.512594968227621,0.504858374044345,0.51831289739769,4.5635627383966,100,100,0,0.0777726720200455,0,0,0,NA,749.802255709977,530.110194786974,0.341684043832386,0.663353315035484,0.366303418308641,0.649850470978355,0.352587083994326,0.663791199283933,0.365672718665485,0.645533224091241,1,"linear",1
NA,2,100,60,0.585706022391693,0.584014664067969,0.612982412441862,4.34640863153553,100,100,0,0.0982419523066316,0,0,0,NA,398.867839169284,281.999562292695,0.37827314434046,0.706574892244129,0.472759110889825,0.732591294239147,0.421657499545219,0.733749344416279,0.445754811997231,0.701803551880288,1,"linear",2
NA,2,200,80,0.766307745585017,0.763428355003506,0.773647654497432,4.01947610972019,100,100,0,0.10616299570186,0,0,0,NA,24813.8287459764,17543.3769234092,0.537329473469494,0.960128562095672,0.607971495801338,0.960128562095672,0.537237601365227,0.958240840084101,0.585009329805011,0.946725602978069,1,"linear",1
NA,2,200,80,0.565173060125888,0.565493355504726,0.601680846551124,2.77886853443002,100,100,0,0.0990710043038901,0,0,0,NA,65.2593303675811,46.13834656989,0.31091037640215,0.813974600279149,0.37446916963014,0.801099443246886,0.310647247896849,0.810012223086515,0.343807707596032,0.780069756328682,1,"linear",2
NA,2,200,100,0.481509888624961,0.485041621376405,0.472989114615141,3.2684125890784,100,100,0,0.0949313908165622,0,0,0,NA,15.6877889537438,11.0912667902924,0.248293189040309,0.741838606429381,0.28553579555596,0.671593420917654,0.244716505950474,0.729930073641522,0.284943020675488,0.669170904286819,1,"linear",1
NA,2,200,100,0.681056224287785,0.682113820077277,0.686037977361076,3.9460407312701,100,100,0,0.0951646332763436,0,0,0,NA,696.809770950393,492.644508061728,0.502626526425735,0.871472677429772,0.532481293089579,0.841974594607385,0.498855562031519,0.87126747756542,0.533014930357471,0.84229499119559,1,"linear",2
NA,2,200,120,0.763120128629888,0.766430798689355,0.753879836171506,3.48825161964736,100,100,0,0.112806857517803,0,0,0,NA,1559.54981411309,1102.60171857792,0.564540509265277,0.965144951959507,0.599106030277801,0.92754878249869,0.566496402354168,0.965557490499624,0.601561975322361,0.931854931132677,1,"linear",1
NA,2,200,120,0.728809166407728,0.738582760975462,0.709662213789112,3.58829354537213,100,100,0,0.106374371979589,0,0,0,NA,40981.2634121184,28973.7532323668,0.532687888636229,0.923514558523575,0.581104883342567,0.900484878605002,0.541196963133787,0.94831087541676,0.586299506000763,0.900922393595266,1,"linear",2
NA,2,300,120,0.993514345506668,0.995468558261051,0.986384152447844,3.89417718363416,100,100,0,0.121504320590703,0,0,0,NA,33462762.6268332,23658173.1771707,0.789774644344693,1.18764296163202,0.835694443636095,1.17067898196824,0.790391816904869,1.1877379248148,0.821008260632812,1.16415098117759,1,"linear",1
NA,2,300,120,0.969169185351352,0.963224386617132,0.976504503858668,4.21315415819542,100,100,0,0.115975302431207,0,0,0,NA,56238.3508565084,39760.5140555509,0.792675988751325,1.16289164228804,0.809777192791766,1.13229947609111,0.748170176384422,1.15037766267813,0.807180725313537,1.12762310920445,1,"linear",2
NA,2,300,150,0.7002384544634,0.702122832497701,0.697469864759066,3.93266605401273,100,100,0,0.104806529929376,0,0,0,NA,6823.68813900044,4824.34751427317,0.448335451715207,0.88170770840475,0.52161165425089,0.88170770840475,0.478382144947552,0.925369288745257,0.512950805149875,0.879448154409426,1,"linear",1
NA,2,300,150,0.755267130785312,0.75104530700685,0.766655272458426,3.50175981796989,100,100,0,0.103599374047162,0,0,0,NA,3678.24808419268,2600.52139552415,0.556081209800746,0.960276226873235,0.614095918330848,0.958112952307949,0.534782441466731,0.938625322448245,0.567822573421643,0.919672346368818,1,"linear",2
NA,2,300,180,0.548213752600931,0.551390819999167,0.548136251921388,3.85113426921495,100,100,0,0.0838029930393312,0,0,0,NA,3551.29198798787,2510.76343550798,0.383958385265268,0.730749619786249,0.415752324382763,0.721696948539258,0.383662137148645,0.726536962348166,0.40181164519018,0.710789277615703,1,"linear",1
NA,2,300,180,0.74279773134941,0.738240033218555,0.749799874407513,3.61130121743086,100,100,0,0.099576771435551,0,0,0,NA,17041188.1980284,12048120.0560087,0.558008860156224,0.942540827436745,0.572374464172006,0.910969461507529,0.528578404717334,0.918141576661058,0.56514602076648,0.906250283263619,1,"linear",2
NA,2,400,160,0.608586888565611,0.61033702289814,0.603512016904294,4.3975658208064,100,100,0,0.0923666152614876,0,0,0,NA,358.923692007485,255.036630052998,0.442817887962512,0.825004995324097,0.427046622384157,0.756630056484616,0.428082577232992,0.814636504574134,0.456112473718713,0.783564694390943,1,"linear",1
NA,2,400,160,0.719452372405594,0.720197585130253,0.720790863459951,4.15215882478431,100,100,0,0.102877851548268,0,0,0,NA,722.378977676505,513.293226917724,0.519221057827945,0.951831312665105,0.545918535057566,0.908498065422791,0.493621547397889,0.935800004322066,0.544538660778878,0.907546311854104,1,"linear",2
NA,2,400,200,0.536811966311609,0.531114473504564,0.54251150179423,3.56596837236601,100,100,0,0.0963999435785021,0,0,0,NA,199.718332596535,141.200861145643,0.285618203707618,0.754153748599719,0.317723152064912,0.717187816291203,0.287095656719895,0.756046923870151,0.326700797072807,0.731839546972578,1,"linear",1
NA,2,400,200,0.547006422833691,0.550076047814517,0.523805130655711,2.96966974697377,100,100,0,0.10029248868165,0,0,0,NA,42.3104783339089,29.9135081820509,0.296874381363053,0.762861379527106,0.361873249331902,0.762230096672891,0.310974337608133,0.804323936458846,0.341585613629086,0.741830819529012,1,"linear",2
NA,2,400,240,0.818365356066772,0.815035496265894,0.826470608723263,3.64734799911358,100,100,0,0.109037594522182,0,0,0,NA,1408.4121939508,995.747421123302,0.571664301079815,1.01192692644988,0.647279511123416,1.00258350195454,0.590732564093466,1.03324072356529,0.643529979823657,0.994670777792372,1,"linear",1
NA,2,400,240,0.673764896044422,0.678192877861204,0.664531062361073,3.62400194476218,100,100,0,0.103022839727123,0,0,0,NA,4336.94018158238,3066.21670837901,0.478684409957412,0.860279968548074,0.524606858554754,0.860279968548074,0.483252026042844,0.877825355294469,0.512499572614079,0.849638771168929,1,"linear",2
NA,2,500,200,0.685140243539676,0.684732716422148,0.687508608868876,3.51754004882205,100,100,0,0.105754460413187,0,0,0,NA,1693.91062067276,1197.59480881586,0.467170658567277,0.936744372938361,0.497204104788874,0.888876810256262,0.467062098030661,0.93552501368143,0.495380524299831,0.88738892109168,1,"linear",1
NA,2,500,200,0.769174246126776,0.768569054266563,0.760589727318996,4.26710077357891,100,100,0,0.0992535244853491,0,0,0,NA,22527.5406080267,15926.9712098778,0.606692544560295,0.949486519732724,0.618457961301458,0.911229970402679,0.596003832741511,0.943527109546872,0.621189980121598,0.919612822539393,1,"linear",2
NA,2,500,250,0.474355521521152,0.470658120952308,0.478122882113468,4.0516816940019,100,100,0,0.0811923297018311,0,0,0,NA,777.559275296774,549.734407634688,0.295303405230169,0.644186556057896,0.332648339196699,0.643178698790399,0.294220431478335,0.64273581435835,0.315310452103391,0.629244246434926,1,"linear",1
NA,2,500,250,0.646936989094038,0.647451878655305,0.645929708177118,4.25629856218778,100,100,0,0.0964686023558552,0,0,0,NA,4906.03201105977,3468.56463181843,0.445062129629053,0.827081919907091,0.489205807757951,0.809924302510897,0.449366034146617,0.851193840544856,0.488741084194975,0.809893102341453,1,"linear",2
NA,2,500,300,0.910941499354468,0.911613495958924,0.911579156447315,4.94341856220395,100,100,0,0.104782840586145,0,0,0,NA,16379056.6348003,11579993.040795,0.768899815371052,1.05776859283257,0.788460103899753,1.03839240016031,0.764634943942683,1.05619848498407,0.78076814663843,1.0374070219684,1,"linear",1
NA,2,500,300,0.7795093275068,0.78071794435568,0.778837869636703,3.55459653948108,100,100,0,0.115073272438857,0,0,0,NA,105327.906371468,74466.8298045711,0.570006864008323,0.988577635844781,0.591701821437053,0.946520124884328,0.571319639144286,0.99656563474284,0.601440680395626,0.960097759250979,1,"linear",2
